file,species
0021e90e4.png,Maize
003d61042.png,Maize
007b3da8b.png,Maize
0086a6340.png,Maize
00c47e980.png,Maize
00d090cde.png,Maize
00ef713a8.png,Maize
01291174f.png,Maize
026716f9b.png,Maize
02cfeb38d.png,Maize
03566743d.png,Maize
03a2ee656.png,Maize
03e322a29.png,Maize
03ef36742.png,Maize
043449b0b.png,Maize
0437393b1.png,Maize
04814f36d.png,Maize
05341a8a6.png,Maize
060450d79.png,Maize
060f1dc84.png,Maize
0625f063b.png,Maize
063363305.png,Maize
06d12f6fa.png,Maize
071cb3ece.png,Maize
0751c0bbc.png,Maize
07e62f903.png,Maize
085974290.png,Maize
0885e7690.png,Maize
089ad62a7.png,Maize
08d591441.png,Maize
0911d3dee.png,Maize
099b961ec.png,Maize
0a64e3e6c.png,Maize
0ad9e7dfb.png,Maize
0ae6668fa.png,Maize
0bf7bfb05.png,Maize
0c27cf05f.png,Maize
0c4199daa.png,Maize
0c45ace27.png,Maize
0c51bf229.png,Maize
0c5f6c493.png,Maize
0caeda5df.png,Maize
0d117d910.png,Maize
0d31e6602.png,Maize
0dba99002.png,Maize
0e8492cb1.png,Maize
0ebf8f2f4.png,Maize
0ee4ad224.png,Maize
0f6cbe5e8.png,Maize
0fb233ad6.png,Maize
115f93ecc.png,Maize
116b136de.png,Maize
1191ba346.png,Cleavers
11d3f68ff.png,Maize
122913909.png,Maize
12625488b.png,Maize
126a71ce0.png,Small-flowered Cranesbill
1312065a5.png,Maize
1364b297a.png,Maize
1376f3b63.png,Maize
13b9fa92d.png,Maize
1459e96a0.png,Maize
148bbda66.png,Maize
14bb43eee.png,Maize
1541bdb2e.png,Maize
1623fb9e1.png,Maize
16357b436.png,Maize
16467a950.png,Small-flowered Cranesbill
165681fd9.png,Maize
1694a70e4.png,Maize
16fd2e01a.png,Maize
172f9b10b.png,Maize
17529c555.png,Maize
1758a1baf.png,Maize
177d7e2a4.png,Maize
17a78fb44.png,Maize
17d5e5ac4.png,Maize
1821eb11a.png,Maize
187668bde.png,Maize
1926e82fd.png,Maize
19618ad6a.png,Maize
19b51843a.png,Maize
19e58cc5e.png,Maize
19fdf19fb.png,Maize
1b490196c.png,Maize
1b6a6494d.png,Maize
1be0713da.png,Maize
1bf9b94a6.png,Maize
1c52ea820.png,Maize
1c680883c.png,Maize
1cfd91582.png,Maize
1d0cbd819.png,Maize
1d321253f.png,Maize
1d48b7564.png,Maize
1d56351b2.png,Maize
1dc7c45df.png,Maize
1e095a7e1.png,Maize
1f290e016.png,Maize
1f3f44563.png,Maize
1f5e5554e.png,Maize
1fefb54b7.png,Maize
205df1df3.png,Maize
20817c846.png,Maize
20e562fd5.png,Maize
20ea96bcc.png,Maize
20f983a71.png,Maize
2126dc71b.png,Scentless Mayweed
219fd68d5.png,Maize
223e4af09.png,Maize
22e79540f.png,Cleavers
22fbf13d6.png,Maize
239bdf640.png,Maize
23bc8ec4f.png,Maize
23e480e64.png,Maize
2406d6c99.png,Maize
241e6935a.png,Maize
248436078.png,Maize
24a058589.png,Maize
24c94a6ca.png,Maize
24d36c52c.png,Maize
24d78df74.png,Maize
24dbc3b21.png,Maize
258b1183c.png,Charlock
25a4c427e.png,Maize
25cf6eb73.png,Maize
25fa8d109.png,Maize
26852751a.png,Charlock
2693e5c65.png,Maize
26e7ae885.png,Maize
270b939cf.png,Maize
279df95f2.png,Maize
288564c76.png,Maize
29bab7cad.png,Maize
29ce426a1.png,Maize
29f49cd0b.png,Maize
2a5064f19.png,Maize
2a667e099.png,Maize
2b55a2da2.png,Small-flowered Cranesbill
2bd74d2da.png,Maize
2d5058a59.png,Maize
2d992d1fb.png,Maize
2d9c798f9.png,Maize
2dd5cfba9.png,Maize
2df78338c.png,Maize
2e86f1085.png,Maize
2ea664465.png,Maize
2f0004a7f.png,Maize
2f246d688.png,Maize
2ff5cb348.png,Maize
30ad31220.png,Maize
3185294c8.png,Maize
31f3dd81f.png,Maize
31fcdc161.png,Maize
3281183f9.png,Maize
32a8c8a1d.png,Maize
32b42c120.png,Maize
32c86784b.png,Maize
33317fc2a.png,Maize
33448fe39.png,Maize
33748968f.png,Small-flowered Cranesbill
338c7e907.png,Maize
34dd57ca9.png,Maize
3526b05cc.png,Maize
35a90f8d0.png,Maize
35cf9fa01.png,Maize
35ebe165c.png,Maize
36839d5e9.png,Maize
36d62bf36.png,Maize
36ed4f215.png,Maize
37297a64c.png,Maize
37714071b.png,Maize
377283a21.png,Maize
37c3108d6.png,Maize
37e545a60.png,Maize
3827436f3.png,Maize
38c054379.png,Maize
391dcd7fd.png,Maize
39858776a.png,Cleavers
39b740f7e.png,Maize
39c8fde99.png,Maize
39d569be4.png,Maize
3a909ead8.png,Maize
3abb502fb.png,Maize
3b73c3b61.png,Maize
3bbef3ecb.png,Maize
3d38a87bc.png,Maize
3d65168c2.png,Maize
3d67c434b.png,Maize
3da774107.png,Maize
3dd52bd2a.png,Maize
3e9f41817.png,Maize
3ebbe9ca4.png,Charlock
3eda9cbb6.png,Maize
3edf5e9ef.png,Maize
3eebd36c6.png,Charlock
3efa1f66c.png,Maize
3f64c2c1b.png,Maize
3f826b318.png,Maize
3f92d8039.png,Maize
3fbd0fc6a.png,Maize
3fbf1a417.png,Maize
4049a6ea6.png,Maize
406162ef9.png,Maize
406ecb5c5.png,Maize
410e6f702.png,Maize
41e07778c.png,Maize
41f1c3cdb.png,Maize
4287d810c.png,Maize
429211ee6.png,Fat Hen
42e7ed442.png,Maize
4392d93cf.png,Maize
43ede9de9.png,Maize
444473900.png,Maize
446f7da01.png,Maize
44e8b8833.png,Maize
456d507c0.png,Small-flowered Cranesbill
466bb6d3b.png,Maize
46c14fde2.png,Maize
47b7d8e17.png,Maize
47f9e5d91.png,Maize
48231e475.png,Maize
4823c3ffa.png,Maize
486e59179.png,Maize
48d97c645.png,Maize
48ef6a2ff.png,Maize
490c4f9c8.png,Maize
4a337a4a9.png,Maize
4ac29bbf0.png,Maize
4b032563b.png,Maize
4b155fb07.png,Maize
4bbf1f6ea.png,Maize
4bbfd1e05.png,Cleavers
4bcdaa5e2.png,Maize
4c5ab9b68.png,Maize
4c7838de4.png,Maize
4c8005bbc.png,Maize
4e1190d78.png,Maize
4e18ab737.png,Cleavers
4e69d100a.png,Maize
4e9d3765f.png,Maize
4ea7493d5.png,Maize
4f44ca525.png,Maize
4f83143e1.png,Maize
502dff972.png,Small-flowered Cranesbill
506347cfe.png,Maize
50de8a115.png,Maize
521b27a17.png,Maize
523e5505c.png,Maize
5296835a0.png,Maize
52a87abe5.png,Maize
52dc7a4d6.png,Maize
5315c2dca.png,Maize
534e74d83.png,Maize
539961189.png,Maize
53ceb4657.png,Maize
53e6e9000.png,Maize
54b3afd58.png,Maize
54c8bb900.png,Maize
550a8b7e6.png,Maize
55251925f.png,Maize
558aa7deb.png,Maize
55920f07f.png,Maize
55a852f40.png,Maize
55fed435f.png,Maize
56112b92c.png,Maize
56a01b835.png,Maize
5779fe8b4.png,Maize
5817b766d.png,Maize
5883b423d.png,Maize
589e643b8.png,Maize
590f5aea6.png,Charlock
592473c83.png,Maize
592cc5b89.png,Maize
59358cd44.png,Maize
593896f83.png,Maize
599691cd9.png,Maize
599c82eea.png,Maize
59b2c6f2b.png,Maize
59c6a9f95.png,Maize
59e1cea8d.png,Maize
59f62ad1d.png,Maize
5a38ac566.png,Maize
5a6bf96f6.png,Maize
5af1d74ee.png,Maize
5b3000b9a.png,Maize
5b3beec58.png,Maize
5b63dcc21.png,Maize
5bbc0a255.png,Maize
5bc6595f6.png,Maize
5bd71f445.png,Maize
5bdcfa329.png,Maize
5c3cd7ea2.png,Maize
5ca0205f9.png,Small-flowered Cranesbill
5ca2687a4.png,Maize
5dcad9a53.png,Maize
5e6a237f2.png,Maize
5eb9c26a6.png,Maize
5ee9d0a5b.png,Maize
5f04aed97.png,Maize
6049234e6.png,Maize
604dd663f.png,Maize
606647f64.png,Maize
60ee66ddd.png,Cleavers
60f0bc617.png,Maize
60fea2ef6.png,Maize
615d2b0a9.png,Maize
618de3d7a.png,Maize
61b044411.png,Maize
61dd2cdc5.png,Maize
632156793.png,Cleavers
63c07d340.png,Maize
647689543.png,Maize
64fe8beb9.png,Maize
653193c1a.png,Maize
65489944f.png,Maize
659412b1a.png,Maize
65d08b894.png,Maize
65e262a6d.png,Maize
65e97117e.png,Maize
664194d19.png,Maize
6680836dd.png,Maize
668c1007c.png,Charlock
66ab0e8d0.png,Small-flowered Cranesbill
675ec1b0b.png,Maize
67ce3eaa6.png,Maize
67e185673.png,Fat Hen
686dc7ec8.png,Maize
6908fb540.png,Maize
6982a9d30.png,Maize
699d3c707.png,Maize
69d1669f8.png,Maize
6a41bf95b.png,Maize
6a47821f9.png,Maize
6b721f68e.png,Maize
6b9d6f8c9.png,Maize
6ba4ef411.png,Maize
6bce55e05.png,Maize
6be169e41.png,Maize
6c874918c.png,Maize
6d6eb3830.png,Charlock
6da892be6.png,Small-flowered Cranesbill
6db684fff.png,Maize
6dd095129.png,Maize
6df8e31ea.png,Small-flowered Cranesbill
6edb96d45.png,Maize
6edc76e7c.png,Maize
711b46fba.png,Maize
71334c634.png,Maize
71b232519.png,Maize
71e73a8a0.png,Maize
71f5323c5.png,Maize
721b2c47a.png,Maize
721be0a4a.png,Maize
728eabae1.png,Charlock
73260a4ee.png,Maize
74068643d.png,Maize
74d810f87.png,Scentless Mayweed
74fd477eb.png,Maize
7506c0c02.png,Maize
752101fdf.png,Maize
754b1adf8.png,Maize
756dd5070.png,Maize
75cb95e91.png,Charlock
7615e52d3.png,Maize
76555b064.png,Maize
7691014a1.png,Maize
7696badea.png,Maize
76dbd1054.png,Maize
770a265f5.png,Maize
77ccb8b2a.png,Maize
780bd2a2c.png,Maize
780defa2e.png,Maize
785a73ab8.png,Maize
78750e0ff.png,Maize
78b1bf91a.png,Maize
78c5fba1d.png,Maize
79d93bc96.png,Maize
79dafec17.png,Maize
79e5ea8fa.png,Small-flowered Cranesbill
79fba50db.png,Maize
7a38416be.png,Maize
7b21ba6ba.png,Maize
7b52585da.png,Maize
7beb2766f.png,Maize
7c85b0265.png,Maize
7cabd68cc.png,Maize
7d22abf91.png,Maize
7d3045fc3.png,Maize
7d4cd07ad.png,Maize
7e9cf1c46.png,Maize
7f31c7f42.png,Maize
7f46a71db.png,Maize
7f9e9565d.png,Maize
7fdb7202d.png,Charlock
800a8c17e.png,Maize
808578ed5.png,Maize
808cf55c6.png,Maize
809eb0b82.png,Maize
80e299ae9.png,Maize
8104422bb.png,Maize
8170d33c1.png,Maize
824f5d4e5.png,Maize
827279bad.png,Maize
82b5f4d33.png,Maize
8301b0547.png,Small-flowered Cranesbill
8303b27ed.png,Maize
8311740de.png,Maize
835dc5447.png,Maize
837ac0270.png,Maize
8455169fe.png,Maize
851c90831.png,Maize
85431c075.png,Maize
855955aaf.png,Maize
856f2910a.png,Maize
8585f9718.png,Maize
862b8e7a0.png,Maize
86676d627.png,Maize
866be78b0.png,Maize
86c309150.png,Maize
86f08e6d1.png,Maize
87608f7aa.png,Maize
87f627bf9.png,Maize
8874bba69.png,Scentless Mayweed
88ac6df54.png,Maize
88d8a4508.png,Maize
8916793ce.png,Maize
892e9d6c6.png,Maize
897e5a8de.png,Small-flowered Cranesbill
8a30b2de3.png,Scentless Mayweed
8a32d0bfa.png,Maize
8a4d3a1b1.png,Maize
8a8d6c712.png,Maize
8ab8a958b.png,Maize
8b043093d.png,Maize
8b27bfd2b.png,Maize
8b9144917.png,Maize
8bc0261c9.png,Maize
8c98a6e9b.png,Maize
8c9953903.png,Maize
8ca6140ca.png,Maize
8cf2e3e6c.png,Maize
8cf909eb3.png,Small-flowered Cranesbill
8cfd98117.png,Maize
8d6991365.png,Maize
8d6acbe9b.png,Maize
8db450ce3.png,Maize
8dbb8e1b9.png,Maize
8e29abce1.png,Maize
8e2e5604e.png,Maize
8e3ed0a25.png,Maize
8e4eaeec0.png,Maize
8e6ec1ca6.png,Maize
8ece6efec.png,Maize
8f523520c.png,Small-flowered Cranesbill
8faadb6a8.png,Maize
90b595f12.png,Maize
90d119d25.png,Maize
91e469b4a.png,Maize
92292055d.png,Maize
93079d970.png,Maize
9326bda1b.png,Maize
93d76fd5d.png,Maize
948cdb277.png,Maize
9516e56c4.png,Maize
953496deb.png,Fat Hen
958bb9e96.png,Maize
963544aa0.png,Maize
9643fc5f4.png,Maize
966ae5ad9.png,Maize
969a851be.png,Maize
96ecad7a1.png,Maize
96f14d90c.png,Maize
974959ec1.png,Maize
976e4e079.png,Maize
97844bfd5.png,Cleavers
97b2f0a10.png,Maize
98062cd87.png,Maize
98d819587.png,Maize
98da6ef4e.png,Maize
99036c51d.png,Maize
99569b224.png,Maize
995c7ab1e.png,Common Chickweed
9a3f20121.png,Maize
9aa5587fe.png,Maize
9b4800b42.png,Maize
9b9911f20.png,Maize
9baf94467.png,Maize
9c0c5b731.png,Maize
9c32a797e.png,Maize
9c777333d.png,Maize
9c8b08a24.png,Maize
9cce7328c.png,Maize
9d3cb4745.png,Maize
9d79a1f0c.png,Maize
9df3275da.png,Maize
9fab816f2.png,Maize
a006a475c.png,Maize
a060c1cf8.png,Maize
a0b393945.png,Maize
a0f37c726.png,Maize
a169b71e7.png,Maize
a19c3faca.png,Maize
a1da8be3c.png,Maize
a1e0a6c02.png,Maize
a254d71f6.png,Maize
a276c65f7.png,Maize
a2b703e21.png,Maize
a2c89c367.png,Maize
a2d25b4f3.png,Maize
a35fd6fbb.png,Maize
a38b8a581.png,Maize
a3b375b34.png,Maize
a3d0031fd.png,Maize
a4b61a4ea.png,Maize
a544fc46d.png,Maize
a55d26a4c.png,Maize
a5db42f7d.png,Maize
a74bf916d.png,Maize
a74d475c2.png,Maize
a7bd7cadb.png,Maize
a800caead.png,Maize
a83820a2c.png,Maize
a8388a37f.png,Maize
a85b48a95.png,Maize
a85fc8c9a.png,Small-flowered Cranesbill
a890ac088.png,Small-flowered Cranesbill
a8b431a3e.png,Maize
a8c8a1db0.png,Maize
a8da9c08d.png,Maize
a8de7c1b7.png,Maize
a935ca110.png,Maize
a93f940d6.png,Maize
a9d2eab61.png,Maize
aa7d098d1.png,Maize
aad8375e0.png,Maize
aaf4da98f.png,Maize
ab0f67743.png,Maize
ab35453cb.png,Maize
abc331628.png,Maize
abf8b0772.png,Maize
ac3193f78.png,Maize
ac75d3326.png,Maize
acdb75e00.png,Maize
ace8761dd.png,Scentless Mayweed
ad12382d4.png,Maize
adb7a032c.png,Maize
ae90f2827.png,Maize
aecfaed64.png,Maize
aee6fa3df.png,Maize
af45e222a.png,Maize
afa446484.png,Maize
afcf6abd5.png,Maize
b026bf8ca.png,Maize
b03397525.png,Maize
b0acaff4a.png,Maize
b130a0632.png,Maize
b145ba9d4.png,Maize
b1cd2a91e.png,Maize
b215531dd.png,Maize
b2706e2b3.png,Maize
b29339405.png,Small-flowered Cranesbill
b30ab4659.png,Maize
b31292706.png,Maize
b341d0aab.png,Maize
b39c71707.png,Maize
b3d6fdb80.png,Maize
b3e08b037.png,Maize
b47691c08.png,Maize
b4c3df835.png,Maize
b4f7c9214.png,Maize
b573b7a56.png,Maize
b5c7fd009.png,Maize
b62dca166.png,Maize
b687160f5.png,Maize
b6a3f7876.png,Maize
b6f3d8b5d.png,Maize
b7192c70f.png,Maize
b7a7f6390.png,Maize
b7ad92859.png,Maize
b828443ff.png,Maize
b9062c1c8.png,Maize
b944a49ca.png,Maize
b98327bf4.png,Maize
ba3ce6b3e.png,Maize
bb1c84bbc.png,Maize
bb1d1bfd3.png,Maize
bb20fce02.png,Maize
bb64660b7.png,Maize
bb7621cb3.png,Maize
bd72d4d8a.png,Maize
bd789d151.png,Maize
bdde957ec.png,Maize
be2499cf4.png,Maize
be341dbdc.png,Maize
bea23d9f8.png,Maize
bebcaab66.png,Maize
beebe5f4e.png,Maize
bf3924a57.png,Maize
bf66b9cd2.png,Maize
bfab3e3d0.png,Maize
bffc08672.png,Maize
c0461776c.png,Maize
c069fc3fa.png,Maize
c06e7c748.png,Maize
c0bc3997b.png,Maize
c0d9e170b.png,Maize
c0f5d9ac8.png,Maize
c10ccbd82.png,Maize
c10db7ae2.png,Maize
c1ecff98b.png,Maize
c26ccf73c.png,Maize
c2de6020a.png,Maize
c35efa095.png,Maize
c4ed8ed38.png,Maize
c50335991.png,Maize
c5078bac5.png,Cleavers
c5e419015.png,Maize
c5e88cd42.png,Maize
c60e91e07.png,Maize
c63da993b.png,Maize
c64370a72.png,Maize
c6b76307d.png,Maize
c6c8d4ba0.png,Maize
c7051c902.png,Maize
c74c5b7fc.png,Small-flowered Cranesbill
c75a82234.png,Maize
c7ae30f3a.png,Maize
c7b07431e.png,Maize
c7eb96871.png,Maize
c832e4302.png,Maize
c85ef220d.png,Maize
c88ebfb47.png,Maize
c8f50f0c3.png,Maize
caa2fbd79.png,Maize
cadab6616.png,Maize
cae684f8f.png,Charlock
cb496f36e.png,Maize
cb76a7766.png,Maize
cbba27d89.png,Maize
cbe761896.png,Small-flowered Cranesbill
cc3d2a59a.png,Maize
cc74feadc.png,Maize
cd5f0db1c.png,Maize
cd6adba97.png,Maize
ce15eee52.png,Maize
ce3d280eb.png,Maize
ce42adffb.png,Maize
cec5bf198.png,Cleavers
cf3a8b2fd.png,Scentless Mayweed
cf46d09c5.png,Maize
cf90fc52d.png,Maize
cfb18d262.png,Maize
cfd8165e9.png,Small-flowered Cranesbill
d0152bd7c.png,Maize
d01873fdd.png,Maize
d09275360.png,Maize
d09d24c58.png,Maize
d0cdc768f.png,Maize
d102e1a15.png,Maize
d14aa43f3.png,Maize
d17f48d3b.png,Maize
d2f0f326e.png,Maize
d2f422ccb.png,Maize
d2fd9df40.png,Maize
d3331e071.png,Maize
d350a25fa.png,Maize
d41d87796.png,Maize
d488a4fe1.png,Maize
d515398fd.png,Maize
d563be369.png,Maize
d5f7dd60a.png,Maize
d668409ff.png,Maize
d689256be.png,Maize
d6c8c3c48.png,Maize
d6d31dcbe.png,Maize
d6d80a321.png,Maize
d7017f701.png,Maize
d84d37a61.png,Maize
d89db156f.png,Maize
d8f4923f8.png,Maize
d93c7ab6d.png,Maize
d9c50616e.png,Maize
da231c97f.png,Maize
da4ed3a28.png,Small-flowered Cranesbill
da5255450.png,Maize
da713c465.png,Maize
da9ef7858.png,Charlock
dabe3e5be.png,Maize
dabea05f4.png,Maize
dc4cd56a3.png,Maize
dc55449b2.png,Maize
dcd7ff249.png,Maize
dce2f6612.png,Maize
dd5ec63d9.png,Maize
dd9f36df7.png,Maize
de0b79659.png,Maize
df11d56a7.png,Maize
df521c0c0.png,Maize
df7cb5f87.png,Maize
dfb1d9012.png,Maize
e0ec5b6a1.png,Maize
e14afa235.png,Maize
e15472085.png,Maize
e15fce4f2.png,Maize
e1809cef2.png,Charlock
e19673dc9.png,Small-flowered Cranesbill
e19ad6ac9.png,Maize
e1a0e3202.png,Maize
e1abb4ff9.png,Maize
e3f50adfc.png,Maize
e471f1d3a.png,Maize
e478c452c.png,Maize
e4a76885b.png,Maize
e4d5ec761.png,Maize
e5064f6be.png,Maize
e52493d0b.png,Maize
e5297b675.png,Maize
e5368474f.png,Maize
e5881dd33.png,Maize
e5e3dccff.png,Maize
e6f1211a2.png,Maize
e7077322d.png,Maize
e721c6ac8.png,Maize
e73e308be.png,Maize
e783f5a4f.png,Maize
e80a259c5.png,Maize
e82017baa.png,Maize
e84464f5a.png,Small-flowered Cranesbill
e88bf0db9.png,Maize
e901b0f28.png,Maize
e921021a8.png,Maize
e96e57a90.png,Maize
e98e5d1d5.png,Maize
e9cd91682.png,Maize
e9d48d664.png,Small-flowered Cranesbill
eaf0815e2.png,Maize
ec08a5d56.png,Maize
ede6b84b4.png,Cleavers
edfdb4aeb.png,Maize
eec1079a1.png,Maize
eef131644.png,Maize
ef02b4ee7.png,Maize
ef3e232ad.png,Maize
ef65533d5.png,Maize
ef74dbcad.png,Maize
ef7a5651d.png,Maize
ef9676433.png,Maize
efe19dc32.png,Scentless Mayweed
f0ffa00bd.png,Maize
f1e87cba7.png,Maize
f1f7c833f.png,Maize
f23faf9c1.png,Maize
f25996db8.png,Maize
f2dc546ca.png,Maize
f33e9d918.png,Maize
f351ce097.png,Maize
f3fcfff1b.png,Cleavers
f4021df6c.png,Maize
f4234cf4f.png,Maize
f445fe6fb.png,Small-flowered Cranesbill
f48916a8c.png,Maize
f4ad9d950.png,Maize
f4caf74f9.png,Maize
f4e7733d4.png,Maize
f593c9cf0.png,Maize
f66ae4070.png,Maize
f6d250856.png,Maize
f8318faf1.png,Maize
f85ed9b6d.png,Maize
f9b6bfb00.png,Fat Hen
f9ea23fb5.png,Maize
f9f35cbd4.png,Maize
fa5fd1384.png,Maize
fa9f3a8f9.png,Maize
fadc6adbc.png,Maize
fb022edf9.png,Maize
fba8fc78a.png,Maize
fbf88b6be.png,Maize
fc3e58836.png,Maize
fc6f686fb.png,Maize
fd253a74e.png,Maize
fd87b36ae.png,Maize
fd925f542.png,Maize
fda0b5c38.png,Maize
fda39e16f.png,Small-flowered Cranesbill
fdea6b119.png,Maize
fe29629fb.png,Maize
fe9e87b78.png,Maize
fea1d13d6.png,Maize
fea355851.png,Maize
fea3da57c.png,Maize
fef2ade8c.png,Maize
ff65bc002.png,Maize
ffc6f8527.png,Maize
